City_ID,City,Country,Lat,Lng,Max Temp,Humidity,Cloudiness,Wind Speed,Current Description
0,Gambela,ET,8.25,34.5833,75.34,76,92,4.54,overcast clouds
1,Upernavik,GL,72.7868,-56.1549,-2.36,85,100,13.62,overcast clouds
2,Vestmannaeyjar,IS,63.4427,-20.2734,42.64,70,23,5.99,few clouds
3,Arraial Do Cabo,BR,-22.9661,-42.0278,73.53,67,2,13.15,clear sky
4,College,US,64.8569,-147.8028,39.18,25,0,9.22,clear sky
5,Praia Da Vitoria,PT,38.7333,-27.0667,59.25,77,40,14.12,scattered clouds
6,Ponta Delgada,PT,37.7333,-25.6667,59.72,77,20,11.5,few clouds
7,Skagen,DK,57.7209,10.5839,44.1,75,8,7.83,clear sky
8,Rikitea,PF,-23.1203,-134.9692,78.42,66,4,11.36,clear sky
9,Airai,TL,-8.9266,125.4092,64.13,82,78,1.99,broken clouds
10,Punta Arenas,CL,-53.15,-70.9167,46.51,87,75,9.22,light rain
11,Nouadhibou,MR,20.931,-17.0347,66.18,94,40,8.05,scattered clouds
12,Puerto Cabezas,NI,14.0351,-83.3888,84.16,79,20,9.22,few clouds
13,Zyryanka,RU,65.75,150.85,15.06,92,100,5.73,overcast clouds
14,Hamilton,US,39.1834,-84.5333,51.89,45,0,16.11,clear sky
15,Puerto Ayora,EC,-0.7393,-90.3518,76.96,90,74,8.86,light rain
16,Tiksi,RU,71.6872,128.8694,-1.44,99,82,3.4,broken clouds
17,Mandalgovi,MN,45.7625,106.2708,37.67,42,2,8.68,clear sky
18,Cape Town,ZA,-33.9258,18.4232,62.35,78,51,13.0,broken clouds
19,Zhigansk,RU,66.7697,123.3711,28.02,79,100,29.62,overcast clouds
20,Hobart,AU,-42.8794,147.3294,57.02,90,75,0.0,broken clouds
21,Norman Wells,CA,65.282,-126.8329,24.84,30,40,8.05,scattered clouds
22,Bethel,US,41.3712,-73.414,46.76,42,0,10.36,clear sky
23,Saskylakh,RU,71.9167,114.0833,28.09,97,100,12.5,light snow
24,Sur,OM,22.5667,59.5289,85.17,52,3,10.6,clear sky
25,Busselton,AU,-33.65,115.3333,55.29,75,46,3.09,scattered clouds
26,Abu Dhabi,AE,24.4667,54.3667,80.71,48,0,16.11,clear sky
27,Sorong,ID,-0.8833,131.25,82.56,80,49,12.17,scattered clouds
28,Lebu,CL,-37.6167,-73.65,54.64,85,100,9.08,overcast clouds
29,Kruisfontein,ZA,-34.0033,24.7314,59.88,82,25,4.9,scattered clouds
30,Erenhot,CN,43.6475,111.9767,43.11,33,0,2.13,clear sky
31,Beloeil,CA,45.5668,-73.1992,46.22,61,86,4.0,overcast clouds
32,Ushuaia,AR,-54.8,-68.3,46.06,93,100,16.11,moderate rain
33,Cherskiy,RU,68.75,161.3,12.65,85,100,5.12,overcast clouds
34,Hermanus,ZA,-34.4187,19.2345,61.81,86,62,10.27,broken clouds
35,Kysyl-Syr,RU,63.8986,122.7617,27.37,96,100,14.34,snow
36,Rincon,US,32.296,-81.2354,73.36,86,100,17.27,light rain
37,Morant Bay,JM,17.8815,-76.4093,79.72,78,45,7.56,scattered clouds
38,Severo-Kurilsk,RU,50.6789,156.125,32.11,77,88,6.31,overcast clouds
39,Castro,BR,-24.7911,-50.0119,53.02,90,2,4.63,clear sky
40,Ahuimanu,US,21.4447,-157.8378,80.31,75,75,12.66,light rain
41,Chapais,CA,49.7834,-74.8492,24.58,85,100,10.22,overcast clouds
42,Nioro,GM,13.35,-15.75,79.74,43,3,10.74,clear sky
43,Barrow,US,71.2906,-156.7887,5.02,78,0,8.05,clear sky
44,Vanimo,PG,-2.6741,141.3028,80.67,86,88,2.95,overcast clouds
45,Monrovia,LR,6.3005,-10.7969,76.77,83,100,6.93,overcast clouds
46,Bluff,NZ,-46.6,168.3333,56.8,73,7,7.34,clear sky
47,Albany,US,42.6001,-73.9662,44.17,53,65,3.0,broken clouds
48,Bathurst,AU,-33.4166,149.5806,58.96,70,97,1.01,overcast clouds
49,Port Alfred,ZA,-33.5906,26.891,58.17,93,16,4.0,few clouds
50,San Felipe,VE,10.3399,-68.7425,71.98,97,100,3.67,light rain
51,Nanortalik,GL,60.1432,-45.2371,29.39,89,51,9.71,broken clouds
52,Ballina,AU,-28.8667,153.5667,69.98,92,86,6.04,overcast clouds
53,Alibag,IN,18.6411,72.8792,82.47,71,0,3.02,clear sky
54,Luderitz,NA,-26.6481,15.1594,67.44,50,0,12.1,clear sky
55,Faanui,PF,-16.4833,-151.75,81.03,72,34,9.28,light rain
56,Nagua,DO,19.3832,-69.8474,77.05,94,75,0.0,broken clouds
57,Avarua,CK,-21.2078,-159.775,82.45,74,100,5.75,overcast clouds
58,Kapaa,US,22.0752,-159.319,82.38,88,100,16.11,light rain
59,Aklavik,CA,68.2191,-135.0107,20.05,76,100,14.52,overcast clouds
60,Bali,ID,-8.5,115.0,81.57,85,93,3.22,overcast clouds
61,Mar Del Plata,AR,-38.0023,-57.5575,64.09,90,0,11.99,clear sky
62,Ilulissat,GL,69.2167,-51.1,12.22,73,75,3.44,light shower snow
63,Pochutla,MX,15.7432,-96.4661,86.83,48,64,9.48,broken clouds
64,Shingu,JP,33.7333,135.9833,61.34,83,100,6.71,overcast clouds
65,Port Hardy,CA,50.6996,-127.4199,51.98,54,100,19.57,overcast clouds
66,Esil,KZ,51.9556,66.4042,48.33,58,100,11.03,overcast clouds
67,Thompson,CA,55.7435,-97.8558,29.62,60,100,2.24,overcast clouds
68,Kudahuvadhoo,MV,2.6708,72.8944,83.64,68,94,10.49,overcast clouds
69,Auki,SB,-8.7676,160.7034,82.98,72,94,3.49,overcast clouds
70,Atuona,PF,-9.8,-139.0333,79.74,78,8,16.82,clear sky
71,Hilo,US,19.7297,-155.09,77.29,90,100,6.91,light rain
72,Qasigiannguit,GL,68.8193,-51.1922,12.45,87,22,5.26,few clouds
73,Plettenberg Bay,ZA,-34.0527,23.3716,58.71,78,6,3.98,clear sky
74,Hithadhoo,MV,-0.6,73.0833,82.53,76,54,6.71,broken clouds
75,Chumikan,RU,54.7183,135.315,25.68,86,40,9.13,scattered clouds
76,Tasiilaq,GL,65.6145,-37.6368,32.92,98,100,10.16,light snow
77,Georgetown,MY,5.4112,100.3354,82.33,98,20,3.44,few clouds
78,Saint-Denis,FR,48.9167,2.3333,58.1,43,0,8.05,clear sky
79,Kodiak,US,57.79,-152.4072,42.31,70,100,9.22,overcast clouds
80,Bilibino,RU,68.0546,166.4372,20.93,86,99,1.28,overcast clouds
81,Matsumoto,JP,36.2333,137.9667,49.91,69,76,1.72,broken clouds
82,Mataura,NZ,-46.1927,168.8643,56.48,59,1,2.68,clear sky
83,Husavik,IS,66.0449,-17.3389,40.59,97,100,1.14,light rain
84,Provideniya,RU,64.3833,-173.3,32.36,93,100,25.01,snow
85,Clyde River,CA,70.4692,-68.5914,-14.57,76,40,3.44,light snow
86,Coquimbo,CL,-29.9533,-71.3436,56.93,88,75,8.05,broken clouds
87,Springdale,US,36.1867,-94.1288,53.42,88,100,9.22,mist
88,Bengkulu,ID,-3.8004,102.2655,76.08,90,96,3.78,light rain
89,Bossier City,US,32.516,-93.7321,69.12,89,100,9.22,overcast clouds
90,Qaanaaq,GL,77.484,-69.3632,-16.96,78,1,3.18,clear sky
91,Ribeira Grande,PT,38.5167,-28.7,58.17,70,33,19.17,scattered clouds
92,Zhezkazgan,KZ,47.8043,67.7144,56.19,63,100,14.92,light rain
93,Bambous Virieux,MU,-20.3428,57.7575,77.25,94,75,5.75,light intensity shower rain
94,Nikolskoye,RU,59.7035,30.7861,39.87,76,100,3.78,overcast clouds
95,Rieti,IT,42.4072,12.8592,43.03,86,5,6.26,clear sky
96,Nelspruit,ZA,-25.4745,30.9703,61.09,94,99,0.0,overcast clouds
97,Bredasdorp,ZA,-34.5322,20.0403,59.74,94,80,4.38,broken clouds
98,Jiayuguan,CN,39.8167,98.3,38.39,32,0,3.0,clear sky
99,Omsukchan,RU,62.5333,155.8,19.81,84,98,2.55,overcast clouds
100,Mogadishu,SO,2.0371,45.3438,82.45,81,100,12.17,overcast clouds
101,Methoni,GR,36.8197,21.7049,58.21,84,94,6.49,light rain
102,Narsaq,GL,60.9167,-46.05,34.02,91,92,4.81,overcast clouds
103,Teya,RU,60.3778,92.6267,25.34,89,98,8.68,overcast clouds
104,Taltal,CL,-25.4,-70.4833,62.78,78,17,4.59,few clouds
105,Vaini,TO,-21.2,-175.2,84.36,79,75,6.91,broken clouds
106,Biak,ID,-0.9131,122.8766,77.7,76,81,1.95,broken clouds
107,Makakilo City,US,21.3469,-158.0858,79.12,63,100,12.66,overcast clouds
108,Iqaluit,CA,63.7506,-68.5145,-0.31,64,40,11.01,scattered clouds
109,Ormara,PK,25.2088,64.6357,80.04,85,0,1.86,clear sky
110,Ekhabi,RU,53.5102,142.9671,28.38,79,60,3.89,broken clouds
111,Uyuni,BO,-20.4597,-66.825,49.03,12,0,15.61,clear sky
112,Saint George,US,37.1041,-113.5841,83.79,9,0,5.99,clear sky
113,Pavlohrad,UA,48.5167,35.8667,43.86,83,100,9.08,overcast clouds
114,Khatanga,RU,71.9667,102.5,4.91,96,98,12.19,overcast clouds
115,New Norfolk,AU,-42.7826,147.0587,56.66,68,100,3.0,overcast clouds
116,Marau,BR,-28.4492,-52.2,57.09,86,67,3.74,broken clouds
117,Hofn,IS,64.2539,-15.2082,45.19,85,9,1.3,clear sky
118,Saldanha,ZA,-33.0117,17.9442,59.16,85,19,10.56,few clouds
119,Tabou,CI,4.423,-7.3528,76.95,84,100,1.28,overcast clouds
120,Butaritari,KI,3.0707,172.7902,81.77,74,12,11.81,few clouds
121,Victoria,HK,22.2855,114.1577,72.18,78,100,8.99,overcast clouds
122,Kanchipuram,IN,12.8333,79.7167,82.49,74,19,3.78,few clouds
123,Jamestown,US,42.097,-79.2353,41.02,41,20,6.91,few clouds
124,Acapulco,MX,16.8634,-99.8901,84.02,65,0,9.22,clear sky
125,Cidreira,BR,-30.1811,-50.2056,67.17,71,96,10.85,overcast clouds
126,Male,MV,4.1748,73.5089,83.77,72,97,11.65,overcast clouds
127,Tessalit,ML,20.1986,1.0114,74.37,22,0,10.33,clear sky
128,Tazmalt,DZ,36.3868,4.3989,54.07,76,0,2.64,clear sky
129,Tuktoyaktuk,CA,69.4541,-133.0374,17.6,57,100,10.36,overcast clouds
130,Takaka,NZ,-40.85,172.8,62.56,52,84,3.85,broken clouds
131,Ixtapa,MX,20.7,-105.2,79.83,65,75,10.36,broken clouds
132,Parrsboro,CA,45.4001,-64.332,44.26,73,70,5.01,broken clouds
133,Dikson,RU,73.5069,80.5464,-8.48,100,92,2.89,overcast clouds
134,Balkanabat,TM,39.5108,54.3671,53.38,86,76,1.59,broken clouds
135,Asau,RO,46.4333,26.4,33.28,83,46,5.01,scattered clouds
136,Chokurdakh,RU,70.6333,147.9167,8.28,93,82,4.21,broken clouds
137,Beringovskiy,RU,63.05,179.3167,31.03,98,100,9.4,light snow
138,Mindelo,CV,16.8901,-24.9804,71.15,64,20,11.5,few clouds
139,Yellowknife,CA,62.456,-114.3525,19.92,49,20,13.0,few clouds
140,Mundi,IN,22.0667,76.5,84.7,20,0,8.01,clear sky
141,Fortuna,US,40.5982,-124.1573,59.94,53,0,9.22,clear sky
142,Dingle,PH,10.9995,122.6711,77.92,85,81,8.1,broken clouds
143,Saint-Philippe,RE,-21.3585,55.7679,74.79,88,67,11.81,light rain
144,Matoury,GF,4.8483,-52.3317,81.01,89,82,4.61,broken clouds
145,Longyearbyen,SJ,78.2186,15.6401,21.04,86,75,11.5,light snow
146,Ambovombe,MG,-25.1667,46.0833,72.36,87,74,5.73,broken clouds
147,Mount Gambier,AU,-37.8333,140.7667,53.51,100,75,5.75,light rain
148,Vostok,RU,46.4856,135.8833,34.97,59,20,7.25,few clouds
149,Vila Velha,BR,-20.3297,-40.2925,75.15,81,75,10.36,broken clouds
150,Zar,AM,40.2588,44.732,46.42,46,74,5.79,broken clouds
151,Bereda,ES,43.2686,-7.5406,51.42,93,27,4.27,scattered clouds
152,Mahebourg,MU,-20.4081,57.7,77.29,94,75,5.75,light intensity shower rain
153,Kavieng,PG,-2.5744,150.7967,85.24,66,83,13.82,broken clouds
154,East London,ZA,-33.0153,27.9116,64.49,79,47,7.09,scattered clouds
155,Salimbalan,PH,8.2742,124.7219,72.72,87,75,1.01,broken clouds
156,Turukhansk,RU,65.8167,87.9833,0.9,98,98,6.76,overcast clouds
157,Sinnar,SD,13.5691,33.5672,93.88,29,100,3.74,overcast clouds
158,Palmas Bellas,PA,9.2319,-80.0867,83.25,79,97,6.24,overcast clouds
159,Easton,US,40.6884,-75.2207,48.18,34,0,13.8,clear sky
160,Ponta Do Sol,PT,32.6667,-17.1,66.83,52,98,12.03,overcast clouds
161,Ekpoma,NG,6.7421,6.139,72.37,95,100,3.67,moderate rain
162,Tonshayevo,RU,57.736,47.0127,25.83,95,86,4.72,overcast clouds
163,Vila Do Maio,CV,15.1333,-23.2167,70.59,80,5,14.0,clear sky
164,Leningradskiy,RU,69.3833,178.4167,15.1,88,80,3.76,broken clouds
165,Maarianhamina,AX,60.0973,19.9348,33.66,100,0,3.44,clear sky
166,Trang,TH,7.5,99.5,75.15,100,40,1.14,fog
167,Chuy,UY,-33.6971,-53.4616,62.11,78,100,7.16,overcast clouds
168,Okhotsk,RU,59.3833,143.3,22.68,79,99,6.55,overcast clouds
169,San Antero,CO,9.3741,-75.7589,81.63,77,90,8.46,overcast clouds
170,Touros,BR,-5.1989,-35.4608,79.88,79,65,7.76,broken clouds
171,Port Lincoln,AU,-34.7333,135.8667,61.68,67,100,11.16,overcast clouds
172,Mwinilunga,ZM,-11.7358,24.4293,61.79,98,97,3.13,overcast clouds
173,Tyrma,RU,50.0833,132.1667,31.06,78,44,2.1,scattered clouds
174,Salyan,AZ,39.5936,48.9805,51.01,80,0,6.22,clear sky
175,Archidona,ES,37.0965,-4.3887,60.91,56,100,1.43,overcast clouds
176,Padang,ID,-0.9492,100.3543,75.25,88,88,3.53,heavy intensity rain
177,Dunedin,NZ,-45.8742,170.5036,55.49,66,0,1.43,clear sky
178,Klaksvik,FO,62.2266,-6.589,45.52,96,100,10.92,light rain
179,Alofi,NU,-19.0595,-169.9187,85.89,70,85,9.22,overcast clouds
180,Bathsheba,BB,13.2167,-59.5167,79.41,73,40,18.41,scattered clouds
181,Santa Lucia,ES,27.9117,-15.5407,70.92,31,70,12.66,broken clouds
182,Bandarbeyla,SO,9.4942,50.8122,81.01,82,52,8.32,broken clouds
183,Carnarvon,AU,-24.8667,113.6333,64.47,88,99,11.5,overcast clouds
184,Diamantino,BR,-14.4086,-56.4461,74.23,80,93,3.67,overcast clouds
185,Quang Ngai,VN,15.1167,108.8,71.94,87,82,4.21,broken clouds
186,Kindu,CD,-2.95,25.95,70.81,97,72,1.19,broken clouds
187,Masunga,BW,-20.6246,27.4488,59.52,94,98,9.89,overcast clouds
188,Morondava,MG,-20.2833,44.2833,81.12,82,1,7.18,clear sky
189,Yar-Sale,RU,66.8333,70.8333,10.96,87,96,7.83,overcast clouds
190,Ancud,CL,-41.8697,-73.8203,55.22,86,100,4.74,overcast clouds
191,Novosysoyevka,RU,44.235,133.3642,43.43,46,70,3.38,broken clouds
192,Pangoa,PE,-12.1167,-73.0,70.79,88,39,1.43,scattered clouds
193,Santiago Del Estero,AR,-27.7951,-64.2615,66.6,53,0,3.8,clear sky
194,Tynda,RU,55.1667,124.7167,25.45,72,100,3.6,overcast clouds
195,Russell,US,32.3502,-85.1999,66.96,93,0,0.0,light rain
196,Dwarka,IN,22.2394,68.9678,79.32,77,9,11.41,clear sky
197,Teruel,ES,40.6667,-0.6667,48.76,73,100,1.5,overcast clouds
198,Zuwarah,LY,32.9312,12.082,62.76,71,55,4.76,broken clouds
199,Aden,YE,12.7794,45.0367,82.24,77,36,5.44,scattered clouds
200,Villa Rica,US,33.7321,-84.9191,72.34,77,86,0.78,overcast clouds
201,Marabba,SD,12.35,32.1833,94.96,29,94,6.69,overcast clouds
202,Esperance,AU,-33.8667,121.9,60.22,67,82,7.11,broken clouds
203,San Angelo,US,31.4638,-100.437,91.62,7,0,13.8,clear sky
204,Kushiro,JP,42.975,144.3747,45.55,81,75,1.14,broken clouds
205,Sisian,AM,39.5256,46.0251,41.23,66,22,3.06,few clouds
206,Alugan,PH,12.2188,125.4808,81.16,71,98,10.27,overcast clouds
207,Geraldton,AU,-28.7667,114.6,52.21,82,0,10.36,clear sky
208,Rio Gallegos,AR,-51.6226,-69.2181,50.05,81,100,25.32,light rain
209,Prestea,GH,5.4327,-2.1428,74.53,97,98,3.58,overcast clouds
210,Maldonado,UY,-34.6667,-54.9167,62.22,83,100,7.25,overcast clouds
211,Cap Malheureux,MU,-19.9842,57.6142,75.47,91,30,3.0,scattered clouds
212,Mezen,RU,65.8522,44.24,31.96,98,100,8.72,light snow
213,Kavaratti,IN,10.5669,72.642,82.74,75,69,5.14,broken clouds
214,Carmo Do Paranaiba,BR,-19.0008,-46.3161,66.76,80,100,5.66,overcast clouds
215,Chabahar,IR,25.2919,60.643,81.36,73,0,7.83,clear sky
216,The Valley,AI,18.217,-63.0578,78.66,83,40,18.41,scattered clouds
217,Muros,ES,42.7762,-9.0603,57.83,79,24,12.3,few clouds
218,Lielvarde,LV,56.7207,24.8074,34.41,72,19,3.33,few clouds
219,El Rosario,MX,24.2556,-107.1828,90.61,22,37,13.24,scattered clouds
220,Saint-Joseph,RE,-21.3667,55.6167,73.78,86,32,10.56,light rain
221,Ahipara,NZ,-35.1667,173.1667,70.43,88,97,13.71,light rain
222,Salalah,OM,17.0151,54.0924,82.49,83,75,3.44,broken clouds
223,Gonbad-E Qabus,IR,37.25,55.1672,52.7,75,100,2.21,overcast clouds
224,Coolum Beach,AU,-26.5333,153.1,74.34,74,58,7.25,broken clouds
225,Thinadhoo,MV,0.5333,72.9333,83.01,73,91,9.71,overcast clouds
226,Coihaique,CL,-45.5752,-72.0662,54.21,71,75,4.61,broken clouds
227,Lavrentiya,RU,65.5833,-171.0,30.58,98,100,14.23,light snow
228,Codrington,AU,-38.2667,141.9667,59.41,79,100,10.0,moderate rain
229,Muisne,EC,0.6,-80.0333,76.37,83,65,8.79,broken clouds
230,Tuatapere,NZ,-46.1333,167.6833,56.41,66,10,3.91,clear sky
231,Dalvik,IS,65.9702,-18.5286,42.73,98,97,5.57,light rain
232,Strezhevoy,RU,60.7333,77.5889,13.64,98,52,3.98,broken clouds
233,Canyon,US,34.9803,-101.9188,80.47,15,0,7.09,clear sky
234,Tabas,IR,33.5959,56.9244,63.46,40,63,9.42,broken clouds
235,Villarrobledo,ES,39.2699,-2.6012,61.77,40,99,1.36,overcast clouds
236,Quatre Cocos,MU,-20.2078,57.7625,77.11,88,32,12.62,light rain
237,Srednekolymsk,RU,67.45,153.6833,16.41,86,99,6.35,overcast clouds
238,Hailar,CN,49.2,119.7,40.89,31,100,15.05,overcast clouds
239,Puerto Colombia,CO,10.9878,-74.9547,84.29,80,99,4.63,overcast clouds
240,Zhangzhou,CN,24.5133,117.6556,60.73,68,100,1.34,overcast clouds
241,Batemans Bay,AU,-35.7167,150.1833,66.09,57,83,3.65,broken clouds
242,Prachuap Khiri Khan,TH,12.2167,99.75,72.14,93,24,2.82,few clouds
243,Cozumel,MX,20.5083,-86.9458,86.07,72,0,8.99,clear sky
244,Pisco,PE,-13.7,-76.2167,67.01,77,0,14.97,clear sky
245,San Cristobal,VE,7.7669,-72.225,71.78,96,97,3.22,overcast clouds
246,Kyshtovka,RU,56.555,76.6271,33.3,88,25,5.17,scattered clouds
247,Ewa Beach,US,21.3156,-158.0072,80.55,62,75,12.66,broken clouds
248,Bairiki,KI,1.3292,172.9752,84.2,74,20,8.05,few clouds
249,Vardo,NO,70.3705,31.1107,39.69,92,100,11.59,overcast clouds
250,Baoning,CN,25.3378,110.026,55.26,94,100,2.24,overcast clouds
251,Mahon,ES,39.8885,4.2658,50.56,87,0,4.61,clear sky
252,Chaman,PK,30.9236,66.4512,74.52,28,100,9.1,overcast clouds
253,Kaeo,NZ,-35.1,173.7833,68.32,98,100,15.52,light rain
254,Bandar-E Lengeh,IR,26.5579,54.8807,76.69,46,0,18.57,clear sky
255,Kahului,US,20.8947,-156.47,84.22,65,40,28.77,scattered clouds
256,Adrar,MR,20.5022,-10.0711,78.73,13,49,12.1,scattered clouds
257,Petaluma,US,38.2324,-122.6367,68.16,55,0,12.66,clear sky
258,Torbay,CA,47.6666,-52.7314,50.29,93,75,11.5,broken clouds
259,Bacolod,PH,10.6667,122.95,79.81,80,59,7.14,broken clouds
260,Rawson,AR,-43.3002,-65.1023,60.67,74,1,24.49,clear sky
261,Yerbogachen,RU,61.2767,108.0108,35.22,82,97,12.91,overcast clouds
262,Nenjiang,CN,49.1833,125.2167,37.99,49,58,5.46,broken clouds
263,Dakar,SN,14.6937,-17.4441,68.13,88,75,21.85,broken clouds
264,Gamba,GA,-2.65,10.0,77.52,91,100,3.8,overcast clouds
265,Santa Rita Do Passa Quatro,BR,-21.7103,-47.4781,64.4,69,1,5.3,clear sky
266,Aswan,EG,24.0934,32.907,83.5,18,0,4.61,clear sky
267,Maslova Pristan,RU,50.4587,36.7408,43.95,90,100,6.17,light rain
268,Togur,RU,58.3631,82.8265,28.27,83,59,7.29,broken clouds
269,Xichang,CN,27.8964,102.2634,46.6,82,100,6.33,overcast clouds
270,Lata,PT,40.1629,-8.3327,58.82,97,62,0.94,broken clouds
271,Fatehabad,IN,29.5167,75.45,81.91,14,2,6.08,clear sky
272,Olinda,BR,-8.0089,-34.8553,83.93,70,20,6.91,few clouds
273,Pahrump,US,36.2083,-115.9839,83.52,12,0,4.0,clear sky
274,Fram,PY,-26.9833,-55.8833,68.59,90,7,3.02,clear sky
275,Ikongo,MG,-21.8833,47.4333,67.28,98,71,2.42,broken clouds
276,Alice Springs,AU,-23.7,133.8833,74.75,32,14,9.22,few clouds
277,Nefteyugansk,RU,61.0998,72.6035,13.57,96,61,5.17,broken clouds
278,Sechura,PE,-5.5569,-80.8222,73.63,64,10,17.18,clear sky
279,Atar,MR,20.5169,-13.0499,86.0,12,97,3.87,overcast clouds
280,Rio Grande,BR,-32.035,-52.0986,64.94,74,100,11.1,overcast clouds
281,Masumbwe,TZ,-3.6333,32.1833,63.36,93,86,2.42,overcast clouds
282,Ketchikan,US,55.3422,-131.6461,50.47,40,20,5.75,few clouds
283,Yulara,AU,-25.2406,130.9889,67.84,40,3,6.91,clear sky
284,Buta,CD,2.7858,24.73,69.91,96,98,1.1,light rain
285,Katsuura,JP,35.1333,140.3,62.29,68,87,9.86,overcast clouds
286,Port Hedland,AU,-20.3167,118.5667,84.25,28,22,16.11,few clouds
287,Camana,PE,-16.6228,-72.7111,67.91,77,88,6.26,overcast clouds
288,Komsomolskiy,UZ,40.4272,71.7189,63.32,34,33,9.22,scattered clouds
289,Strelka,RU,58.0728,93.0344,39.49,85,99,10.45,overcast clouds
290,Atambua,ID,-9.1061,124.8925,75.94,83,93,2.59,overcast clouds
291,Kankaanpaa,FI,61.8,22.4167,30.96,94,100,3.15,overcast clouds
292,San Patricio,US,28.017,-97.5169,86.72,57,15,16.26,few clouds
293,Whyalla,AU,-33.0333,137.5833,64.29,88,100,10.36,moderate rain
294,Abu Kamal,SY,34.4506,40.9171,70.83,17,100,6.82,overcast clouds
295,Muzhi,RU,65.3667,64.6667,14.4,88,36,6.4,scattered clouds
296,Sfantu Gheorghe,RO,45.8667,25.7833,32.94,81,81,1.66,broken clouds
297,Sao Filipe,CV,14.8961,-24.4956,71.98,77,2,8.68,clear sky
298,Hatillo,PR,18.4863,-66.8254,80.38,88,99,7.94,overcast clouds
299,Pataskala,US,39.9956,-82.6743,49.84,40,0,10.36,clear sky
300,Bonavista,CA,48.6499,-53.1147,35.73,98,97,17.63,overcast clouds
301,Lyman,UA,48.9884,37.8023,47.57,91,100,7.07,overcast clouds
302,Pekalongan,ID,-6.8886,109.6753,79.41,85,71,3.4,broken clouds
303,Turayf,SA,31.6725,38.6637,62.85,17,0,8.05,clear sky
304,Tautira,PF,-17.7333,-149.15,81.3,72,22,12.75,few clouds
305,High Level,CA,58.5169,-117.136,17.71,73,100,14.97,light snow
306,Soyo,AO,-6.1349,12.3689,78.49,92,85,7.54,overcast clouds
307,Mount Isa,AU,-20.7333,139.5,80.37,28,1,8.05,clear sky
308,La Ronge,CA,55.1001,-105.2842,37.65,35,75,4.61,broken clouds
309,Cabo San Lucas,MX,22.8909,-109.9124,90.61,32,20,14.97,few clouds
310,Pimentel,PE,-6.8367,-79.9342,68.29,68,0,23.02,clear sky
311,Les Cayes,HT,18.2,-73.75,77.49,81,95,7.25,overcast clouds
312,Arboledas,CO,7.6423,-72.7994,71.76,89,95,1.59,overcast clouds
313,Krasnoarmeysk,RU,51.0239,45.6969,51.78,69,100,6.46,overcast clouds
314,Mubi,NG,10.2676,13.2644,83.79,50,85,0.94,overcast clouds
315,Nelson Bay,AU,-32.7167,152.15,69.1,82,27,4.99,scattered clouds
316,Ostrovnoy,RU,68.0531,39.5131,33.22,89,100,10.74,overcast clouds
317,Paita,PE,-5.0892,-81.1144,69.62,76,7,18.25,clear sky
318,Constitucion,CL,-35.3333,-72.4167,52.03,94,46,5.12,scattered clouds
319,Chiredzi,ZW,-21.05,31.6667,64.0,91,100,4.92,overcast clouds
320,Candelaria,PH,13.9311,121.4233,78.39,84,58,5.75,broken clouds
321,Sao Jose Da Coroa Grande,BR,-8.8978,-35.1478,78.55,83,43,8.43,scattered clouds
322,Uribia,CO,11.7139,-72.266,86.05,54,100,17.96,overcast clouds
323,Marang,MY,5.2056,103.2059,78.71,82,72,1.3,broken clouds
324,San Juan,AR,-31.5375,-68.5364,71.65,28,0,5.86,clear sky
325,Batagay,RU,67.6333,134.6333,14.86,86,50,5.79,scattered clouds
326,Porkhov,RU,57.765,29.5561,31.33,86,73,2.73,broken clouds
327,Vilyuysk,RU,63.7553,121.6247,29.37,96,100,13.51,snow
328,Lagoa,PT,39.05,-27.9833,57.06,66,58,14.97,broken clouds
329,Odweyne,SO,9.4092,45.064,73.04,62,84,6.17,broken clouds
330,Pilar,BR,-9.5972,-35.9567,78.73,86,42,6.93,scattered clouds
331,Naze,JP,28.3667,129.4833,67.12,56,50,4.92,scattered clouds
332,Walla Walla,US,46.0646,-118.343,56.89,37,0,5.99,clear sky
333,Badulla,LK,6.9895,81.0557,69.84,86,71,3.4,broken clouds
334,Kulhudhuffushi,MV,6.6221,73.07,83.61,75,100,9.13,overcast clouds
335,Inta,RU,66.0317,60.1659,28.11,94,79,13.62,broken clouds
336,Tshane,BW,-24.0196,21.8684,63.28,85,20,7.05,light rain
337,Bilma,NE,18.6853,12.9164,81.5,11,40,5.59,scattered clouds
338,Morada Nova,BR,-5.1067,-38.3725,75.92,92,74,5.79,broken clouds
339,Klyuchi,RU,52.2667,79.1667,52.99,61,100,7.16,overcast clouds
340,Buraydah,SA,26.326,43.975,73.85,17,0,9.75,clear sky
341,Uray,RU,60.1247,64.7758,25.45,87,7,4.76,clear sky
342,Bangassou,CF,4.7413,22.8184,68.92,97,40,2.71,light rain
343,Pevek,RU,69.7008,170.3133,7.99,87,29,0.96,scattered clouds
344,Freeport,US,40.6576,-73.5832,49.01,36,0,17.27,clear sky
345,Eydhafushi,MV,5.1033,73.0708,83.46,75,100,8.93,overcast clouds
346,Rabo De Peixe,PT,37.8,-25.5833,58.51,77,20,11.5,few clouds
347,Kidal,ML,18.4411,1.4078,77.9,17,91,10.25,overcast clouds
348,Northam,GB,51.0333,-4.2167,49.39,91,13,12.86,few clouds
349,Laizhou,CN,37.1717,119.9214,56.73,42,100,4.54,overcast clouds
350,Nanakuli,US,21.3906,-158.1547,80.55,64,100,6.91,overcast clouds
351,Ous,RU,60.9058,61.5186,20.86,91,11,5.61,few clouds
352,Ust-Maya,RU,60.4167,134.5333,25.99,76,42,4.76,scattered clouds
353,Cedar City,US,37.6775,-113.0619,70.77,13,0,14.97,clear sky
354,Cangzhou,CN,38.3167,116.8667,55.49,36,89,3.89,overcast clouds
355,Hasaki,JP,35.7333,140.8333,63.28,65,74,9.55,broken clouds
356,Vaitape,PF,-16.5167,-151.75,81.01,72,34,9.19,light rain
357,Fairbanks,US,64.8378,-147.7164,39.2,25,0,9.22,clear sky
358,Tommot,RU,58.9564,126.2925,26.24,71,100,4.56,overcast clouds
359,Lompoc,US,34.6391,-120.4579,72.7,65,0,25.01,clear sky
360,Tilichiki,RU,60.4667,166.1,22.32,82,42,6.08,scattered clouds
361,Novoagansk,RU,61.9449,76.6625,3.47,99,69,3.56,broken clouds
362,Yenagoa,NG,4.9247,6.2642,77.85,91,85,4.79,light rain
363,Palmer,US,42.1584,-72.3287,45.01,44,40,9.22,scattered clouds
364,Madarounfa,NE,13.3087,7.156,90.12,13,98,5.91,overcast clouds
365,Sao Joao Da Barra,BR,-21.6403,-41.0511,70.61,74,2,10.36,clear sky
366,Ati,TD,13.2154,18.3353,89.62,35,57,7.23,broken clouds
367,Nhamunda,BR,-2.1861,-56.7131,75.65,95,95,0.51,overcast clouds
368,Makasar,ID,-5.14,119.4221,77.05,100,20,2.3,few clouds
369,Rocha,UY,-34.4833,-54.3333,58.93,87,100,5.57,moderate rain
370,Pahalgam,IN,34.0333,75.3333,41.11,55,6,10.94,clear sky
371,San Policarpo,PH,12.1791,125.5072,81.7,70,95,11.03,overcast clouds
372,Surin,TH,14.8818,103.4936,75.58,82,100,8.28,overcast clouds
373,Mananjary,MG,-21.2167,48.3333,72.45,93,18,2.73,light rain
374,Jasper,US,37.2001,-94.3502,47.88,84,100,9.22,overcast clouds
375,Hambantota,LK,6.1241,81.1185,79.38,85,87,8.9,overcast clouds
376,Tefe,BR,-3.3542,-64.7114,80.71,94,40,3.44,scattered clouds
377,Sitka,US,57.0531,-135.33,48.09,49,75,6.91,broken clouds
378,Harper,LR,4.375,-7.7169,77.18,85,100,0.18,overcast clouds
379,Mastic Beach,US,40.7668,-72.8521,48.04,39,20,14.97,few clouds
380,Fengrun,CN,39.8333,118.1167,56.97,33,91,6.24,overcast clouds
381,Axim,GH,4.8699,-2.2405,79.54,85,86,9.57,overcast clouds
382,Abancay,PE,-13.6339,-72.8814,59.95,80,24,4.05,few clouds
383,Kenai,US,60.5544,-151.2583,46.02,52,100,3.44,overcast clouds
384,Tura,IN,25.5198,90.2201,67.3,84,0,5.37,clear sky
385,Pedernales,DO,18.0384,-71.744,81.25,66,95,16.28,overcast clouds
386,Ambon,ID,-3.6954,128.1814,82.54,78,40,5.75,scattered clouds
387,Deputatskiy,RU,69.3,139.9,4.91,96,99,3.29,overcast clouds
388,Changji,CN,44.0167,87.3167,56.19,18,0,4.47,clear sky
389,Arcachon,FR,44.5875,-1.0519,53.65,94,0,5.75,clear sky
390,Ferkessedougou,CI,9.6,-5.2,79.7,67,97,5.14,overcast clouds
391,Shache,CN,38.4167,77.2406,56.86,19,46,6.08,scattered clouds
392,Tazovskiy,RU,67.4667,78.7,7.54,96,93,10.11,overcast clouds
393,Hornepayne,CA,49.2138,-84.7705,32.63,67,100,3.31,overcast clouds
394,Belmonte,BR,-15.8631,-38.8828,76.21,82,100,15.88,overcast clouds
395,Colborne,CA,44.0001,-77.8828,48.58,60,81,10.89,broken clouds
396,Sorland,NO,67.667,12.6934,42.89,83,100,17.22,overcast clouds
397,Noumea,NC,-22.2763,166.4572,82.38,99,9,4.36,clear sky
398,Tibu,CO,8.639,-72.7358,74.66,93,68,0.72,broken clouds
399,Nyurba,RU,63.2842,118.3319,35.51,99,100,9.8,overcast clouds
400,Mount Vernon,US,40.9126,-73.8371,48.43,39,40,18.41,scattered clouds
401,Grindavik,IS,63.8424,-22.4338,41.47,70,75,8.05,broken clouds
402,Nemuro,JP,43.3236,145.575,41.65,81,52,9.24,broken clouds
403,Mongo,TD,12.1844,18.693,87.31,38,49,3.27,scattered clouds
404,Necochea,AR,-38.5473,-58.7368,61.23,81,82,10.27,broken clouds
405,Wanlaweyn,SO,2.6185,44.8938,81.93,74,91,12.21,overcast clouds
406,Port Hawkesbury,CA,45.6169,-61.3485,38.91,86,0,11.5,clear sky
407,Chingirlau,KZ,51.095,54.0814,50.83,49,73,7.63,broken clouds
408,Bristol,US,41.8334,-71.1662,46.44,54,0,8.05,clear sky
409,Newport,GB,51.5877,-2.9984,51.35,85,75,10.58,broken clouds
410,Port Elizabeth,ZA,-33.918,25.5701,63.32,97,75,12.66,heavy intensity rain
411,Salinopolis,BR,-0.6136,-47.3561,78.15,87,100,7.14,moderate rain
412,Pacifica,US,37.6138,-122.4869,66.61,65,20,23.02,few clouds
413,Ambilobe,MG,-13.2,49.05,71.87,90,50,3.18,scattered clouds
414,Saint Pete Beach,US,27.7253,-82.7412,82.42,70,0,9.22,clear sky
415,Camacari,BR,-12.6975,-38.3242,78.57,95,100,2.77,light rain
416,Paamiut,GL,61.994,-49.6678,26.38,81,99,1.43,overcast clouds
417,Jacqueville,CI,5.2052,-4.4146,79.56,84,100,8.08,overcast clouds
418,Kuruman,ZA,-27.4524,23.4325,58.12,74,46,9.15,scattered clouds
419,Shirokiy,RU,49.758,129.523,37.65,57,25,3.22,scattered clouds
420,Pangkalanbuun,ID,-2.6833,111.6167,75.13,91,88,1.41,overcast clouds
421,Half Moon Bay,US,37.4636,-122.4286,66.9,61,0,23.02,clear sky
422,Brodokalmak,RU,55.5748,62.082,38.3,81,100,5.57,overcast clouds
423,Algiers,DZ,36.7525,3.042,53.42,88,0,0.0,clear sky
424,Nogliki,RU,51.8333,143.1667,29.1,90,98,6.89,overcast clouds
425,Petropavlovsk-Kamchatskiy,RU,53.0452,158.6483,34.39,41,0,6.71,clear sky
426,Haines Junction,CA,60.7522,-137.5108,33.75,27,87,6.91,overcast clouds
427,Dali,CN,25.7,100.1833,53.31,73,53,3.09,broken clouds
428,Inirida,CO,3.8653,-67.9239,75.2,95,96,3.56,overcast clouds
429,Mahina,PF,-17.5065,-149.489,85.77,62,40,10.36,scattered clouds
430,Cacoal,BR,-11.4386,-61.4472,74.34,94,100,2.89,overcast clouds
431,Victor Harbor,AU,-35.5667,138.6167,61.0,85,100,12.95,overcast clouds
432,Englewood,US,39.6478,-104.9878,69.08,26,40,21.85,scattered clouds
433,Chernyshevskiy,RU,63.0128,112.4714,29.62,83,88,14.65,overcast clouds
434,Hobyo,SO,5.3505,48.5268,82.98,77,66,14.05,light rain
435,Dhekiajuli,IN,26.7,92.5,66.79,91,51,14.88,broken clouds
436,Smithers,CA,54.7804,-127.1743,50.32,18,40,2.3,scattered clouds
437,Shellbrook,CA,53.2168,-106.4011,34.83,67,94,3.02,overcast clouds
438,Pemangkat,ID,1.1667,108.9667,78.31,88,62,6.31,light rain
439,Midland,US,31.9974,-102.0779,90.81,5,0,10.36,clear sky
440,Naryan-Mar,RU,67.6713,53.087,32.72,99,100,8.66,overcast clouds
441,Marsh Harbour,BS,26.5412,-77.0636,76.62,78,55,13.04,broken clouds
442,Hay River,CA,60.8156,-115.7999,13.98,44,20,5.75,few clouds
443,Camacha,PT,33.0833,-16.3333,58.42,88,20,14.97,few clouds
444,Talnakh,RU,69.4865,88.3972,4.21,97,100,4.88,light snow
445,Kirkenes,NO,69.7271,30.0458,38.35,87,75,5.75,broken clouds
446,Gainesville,US,29.6516,-82.3248,73.02,85,0,8.05,clear sky
447,Sola,VU,-13.8833,167.55,82.06,72,68,5.12,broken clouds
448,Koslan,RU,63.4564,48.8989,33.4,98,100,5.86,light snow
449,Berlevag,NO,70.8578,29.0864,41.0,95,100,18.37,overcast clouds
450,Dolores,AR,-36.3132,-57.6792,57.87,90,99,6.96,overcast clouds
451,Ankang,CN,32.68,109.0172,52.77,78,100,1.77,overcast clouds
452,Dehloran,IR,32.6941,47.2679,73.04,19,0,12.39,clear sky
453,Evensk,RU,61.95,159.2333,30.25,78,99,0.83,overcast clouds
454,Samarai,PG,-10.6167,150.6667,82.09,79,100,10.71,moderate rain
455,Puerto Barrios,GT,15.7167,-88.6,86.14,70,40,9.22,scattered clouds
456,Banikoara,BJ,11.2985,2.4386,88.21,15,97,7.05,overcast clouds
457,Conde,BR,-7.2597,-34.9075,78.26,94,20,4.61,few clouds
458,Bonfim,BR,3.0833,-59.95,84.51,54,77,9.98,broken clouds
459,Sistranda,NO,63.7256,8.834,44.56,80,86,4.25,overcast clouds
460,Pangnirtung,CA,66.1451,-65.7125,-5.24,100,100,5.88,overcast clouds
461,Mareeba,AU,-17.0,145.4333,77.67,72,99,4.97,overcast clouds
462,Talaya,RU,61.3833,152.75,12.74,80,100,0.63,overcast clouds
463,Portobelo,PA,9.55,-79.65,81.95,84,100,5.75,overcast clouds
464,Lorengau,PG,-2.0226,147.2712,83.08,79,61,6.93,broken clouds
465,Punta Alta,AR,-38.8759,-62.0736,62.02,67,71,8.75,broken clouds
466,Saint Anthony,US,45.0205,-93.218,37.33,90,100,8.05,light snow
467,La Asuncion,VE,11.0333,-63.8628,80.33,78,100,18.41,overcast clouds
468,Conselheiro Pena,BR,-19.1722,-41.4722,69.6,88,58,3.27,broken clouds
469,Port Blair,IN,11.6667,92.75,77.04,94,20,2.3,mist
470,Baherden,TM,38.4362,57.4316,54.59,77,98,4.65,overcast clouds
471,Manokwari,ID,-0.8667,134.0833,82.98,67,97,2.57,overcast clouds
472,Jalu,LY,29.0331,21.5482,62.29,73,98,15.01,overcast clouds
473,Seoul,KR,37.5683,126.9778,53.2,56,75,4.61,broken clouds
474,Ribeira Brava,PT,32.65,-17.0667,66.83,53,96,13.38,overcast clouds
475,Hazorasp,UZ,41.3194,61.0742,55.24,44,100,13.82,overcast clouds
476,San Javier,ES,37.8063,-0.8374,62.22,83,65,3.44,broken clouds
477,Kapoeta,SS,4.7717,33.5903,79.84,55,99,3.87,light rain
478,Tual,ID,-5.6667,132.75,84.4,73,100,9.57,overcast clouds
479,Imbituba,BR,-28.24,-48.6703,65.35,71,26,1.66,scattered clouds
480,Hundorp,NO,61.5552,9.9407,34.3,91,88,1.25,overcast clouds
481,Juarez,MX,31.7333,-106.4833,88.99,14,40,14.97,scattered clouds
482,Carmarthen,GB,51.8555,-4.3054,49.95,93,40,20.71,scattered clouds
483,Innisfail,AU,-17.5333,146.0333,77.58,78,100,6.8,overcast clouds
484,San Carlos De Bariloche,AR,-41.1456,-71.3082,55.15,62,75,3.44,broken clouds
485,Ingham,US,42.6,-84.3833,43.18,51,28,6.55,scattered clouds
486,Flin Flon,CA,54.7682,-101.865,33.64,27,75,4.61,light snow
487,Buturlinovka,RU,50.8239,40.6092,49.05,89,100,7.34,overcast clouds
488,Portland,US,45.5234,-122.6762,60.91,45,100,8.05,overcast clouds
489,Visnes,NO,59.3556,5.2242,44.22,75,68,12.66,broken clouds
490,Westport,US,41.1415,-73.3579,47.82,40,40,13.8,scattered clouds
491,Troitsko-Pechorsk,RU,62.7084,56.1964,21.72,95,88,4.81,overcast clouds
492,Lyubashivka,UA,47.8372,30.2598,34.59,81,85,9.91,overcast clouds
493,Nan,TH,18.8333,100.6667,71.62,94,75,6.91,broken clouds
494,Srivardhan,IN,18.0333,73.0167,78.22,74,1,0.78,clear sky
495,Niny,RU,44.4878,43.9489,44.71,86,34,6.42,scattered clouds
496,Poum,NC,-20.2333,164.0167,75.61,76,93,0.92,overcast clouds
497,Svetlogorsk,BY,52.6333,29.7333,33.75,95,93,10.96,overcast clouds
498,Teguldet,RU,57.3064,88.1667,34.92,77,90,8.57,overcast clouds
499,Gat,IL,31.61,34.7642,88.48,14,14,18.16,few clouds
500,Greeneville,US,36.1632,-82.831,62.74,34,75,10.36,broken clouds
501,Zhangye,CN,38.9342,100.4517,45.55,29,2,5.97,clear sky
502,Kisangani,CD,0.5167,25.2,71.76,77,53,1.97,broken clouds
503,Dosso,NE,13.049,3.1937,84.16,11,51,8.84,broken clouds
504,Coahuayana,MX,18.7333,-103.6833,81.21,63,78,5.1,broken clouds
505,Scarborough,GB,54.2797,-0.4044,52.65,69,99,11.99,overcast clouds
506,Labuhan,ID,-6.8844,112.2051,80.85,85,44,4.41,scattered clouds
507,Duluth,US,46.7833,-92.1066,33.06,74,75,17.27,haze
508,Carbondale,US,37.7273,-89.2168,50.29,61,100,10.36,overcast clouds
509,Eyl,SO,7.9803,49.8164,81.7,82,47,7.72,scattered clouds
510,Sungairaya,ID,0.7,108.9,79.77,87,84,5.86,light rain
511,Meulaboh,ID,4.1363,96.1285,77.61,89,98,3.38,overcast clouds
512,Gunnedah,AU,-30.9833,150.25,69.76,45,26,1.34,scattered clouds
513,Hualmay,PE,-11.0964,-77.6139,66.36,86,7,10.8,clear sky
514,Fallon,US,39.4735,-118.7774,71.47,8,20,3.44,few clouds
515,Mpophomeni,ZA,-29.5682,30.1862,51.51,95,100,2.8,overcast clouds
516,Manoel Urbano,BR,-8.8389,-69.2597,72.81,98,60,2.46,broken clouds
517,Ulladulla,AU,-35.35,150.4667,70.7,50,96,4.41,overcast clouds
518,Peleduy,RU,59.6289,112.7406,40.77,94,99,10.78,overcast clouds
519,Punto Fijo,VE,11.6956,-70.1996,80.58,75,100,15.57,overcast clouds
520,Terney,RU,45.0503,136.6092,45.75,45,93,5.75,overcast clouds
521,Alyangula,AU,-13.8483,136.4192,78.67,94,100,0.0,light rain
522,Peru,US,40.7537,-86.0689,47.79,48,92,11.36,overcast clouds
523,Kirakira,SB,-10.4544,161.9205,85.19,67,90,8.5,overcast clouds
524,Port Macquarie,AU,-31.4333,152.9167,66.43,78,16,4.12,few clouds
525,Mayumba,GA,-3.432,10.6554,77.32,92,100,3.94,overcast clouds
526,Souillac,MU,-20.5167,57.5167,77.38,94,75,5.75,light intensity shower rain
527,Kailua,US,21.4022,-157.7394,80.58,78,23,8.01,few clouds
528,Pandhurna,IN,21.6,78.5167,84.11,17,1,8.21,clear sky
529,Vrangel,RU,42.7297,133.0839,45.86,62,50,4.88,scattered clouds
530,Virginia Beach,US,36.8529,-75.978,57.22,71,20,11.5,few clouds
531,Vao,NC,-22.6667,167.4833,76.84,71,37,3.6,scattered clouds
532,Mbekenyera,TZ,-10.0,38.9833,69.35,97,9,3.6,clear sky
533,Ayan,RU,56.45,138.1667,29.26,80,91,4.52,overcast clouds
534,Syamzha,RU,60.0158,41.0614,29.95,95,100,3.83,overcast clouds
535,Slavyanka,RU,42.8633,131.3847,46.38,37,71,10.27,broken clouds
536,Tramore,IE,52.1624,-7.1524,45.48,73,9,3.0,clear sky
537,Pacific Grove,US,36.6177,-121.9166,66.02,68,0,11.5,clear sky
538,Manaure,CO,11.7751,-72.4445,83.93,63,100,12.64,overcast clouds
539,Porto Santo,PT,33.072,-16.3415,61.18,88,20,14.97,few clouds
540,Copiapo,CL,-27.3667,-70.3333,56.89,61,0,2.71,clear sky
541,Verkhnyaya Inta,RU,65.9811,60.3094,28.72,94,82,13.38,broken clouds
542,Catamarca,AR,-28.4696,-65.7852,65.59,69,15,9.89,few clouds
543,Helong,CN,42.5397,128.9972,46.87,38,93,4.45,overcast clouds
544,Hare Bay,CA,48.8499,-54.0148,47.55,91,94,12.66,overcast clouds
545,Bokoro,TD,12.3807,17.0568,88.77,34,58,5.44,broken clouds
546,Kargasok,RU,59.0556,80.8572,26.24,82,17,8.37,few clouds
547,Serra Branca,BR,-6.5333,-38.2667,75.83,78,79,5.28,broken clouds
548,Deniliquin,AU,-35.5333,144.9667,70.61,39,100,6.42,overcast clouds
549,Gonaives,HT,19.45,-72.6833,78.64,68,54,7.94,broken clouds
550,Mahanoro,MG,-19.9,48.8,73.78,89,47,1.61,light rain
551,Wiang Sa,TH,8.6359,99.3666,80.85,89,58,1.57,broken clouds
552,Vicuna,CL,-30.0319,-70.7081,70.77,40,0,3.33,clear sky
553,Sibu,MY,2.3,111.8167,75.51,100,40,2.3,scattered clouds
554,Riyadh,SA,24.6877,46.7219,69.94,21,0,5.21,clear sky
555,Narayangarh,IN,30.4833,77.1333,77.77,22,19,3.74,few clouds
556,Masuda,JP,34.6667,131.85,52.07,62,75,8.05,broken clouds
557,Olafsvik,IS,64.8945,-23.7142,41.97,69,97,9.8,overcast clouds
558,Santiago,CL,-33.4569,-70.6483,70.99,48,0,11.5,clear sky
559,Baijiantan,CN,45.6333,85.1833,56.5,15,1,7.2,clear sky
560,Isangel,VU,-19.55,169.2667,82.69,72,100,1.21,overcast clouds
561,Itaituba,BR,-4.2761,-55.9836,74.91,98,100,0.47,overcast clouds
562,Kloulklubed,PW,7.0419,134.2556,81.1,72,99,3.44,overcast clouds
563,Santa Isabel Do Rio Negro,BR,-0.4139,-65.0192,75.45,92,68,2.17,broken clouds
564,Palauig,PH,15.435,119.9045,82.98,67,9,1.66,clear sky
565,Karachi,PK,24.9056,67.0822,80.42,83,20,6.91,few clouds
566,Marakkanam,IN,12.2,79.95,83.62,77,44,5.61,scattered clouds
567,Contamana,PE,-7.3333,-75.0167,78.22,72,85,2.04,overcast clouds
568,Saint-Remi,CA,45.2668,-73.6159,44.98,57,83,9.22,broken clouds
569,Churapcha,RU,62.0025,132.4325,30.07,75,19,11.56,few clouds
570,Port-Gentil,GA,-0.7193,8.7815,80.56,94,40,3.44,scattered clouds
571,Barrhead,GB,55.7992,-4.3929,52.02,84,75,10.0,broken clouds
572,Nanga Eboko,CM,4.6833,12.3667,70.84,96,78,2.1,light rain
573,Berezovyy,RU,51.6667,135.7,33.15,77,96,3.56,overcast clouds
574,Cockburn Town,TC,21.4612,-71.1419,78.76,78,75,9.22,broken clouds
575,Hoi An,VN,15.8794,108.335,75.16,85,90,4.81,overcast clouds
576,Barranca,PE,-10.75,-77.7667,66.09,84,9,9.66,clear sky
577,Kjollefjord,NO,70.9457,27.3465,44.65,87,75,19.57,broken clouds
578,Dzaoudzi,YT,-12.7887,45.2699,78.69,83,0,6.91,clear sky
579,Santa Cecilia,BR,-26.9608,-50.4269,48.47,91,15,3.22,few clouds
580,Swan River,CA,52.1058,-101.2676,30.09,37,100,2.3,overcast clouds
581,Vestmanna,FO,62.1564,-7.1664,45.52,93,100,11.5,mist
582,Betsiamites,CA,48.9413,-68.646,39.6,70,100,18.19,overcast clouds
583,Palu,ID,-0.8917,119.8707,82.38,77,83,2.13,broken clouds
584,Kyzyl-Suu,KG,42.3414,78.0056,49.75,37,32,7.02,scattered clouds
585,Pakaur,IN,24.6333,87.85,77.7,85,0,3.51,clear sky
586,Hlubocky,CZ,49.6178,17.3944,39.33,67,77,4.56,broken clouds
587,Linhares,BR,-19.3911,-40.0722,71.02,75,50,5.61,scattered clouds
588,Vieste,IT,41.8825,16.175,52.68,57,100,16.71,overcast clouds
589,Rassvet,RU,46.8333,40.75,53.98,84,100,2.46,overcast clouds
590,Ontario,US,34.0633,-117.6509,86.0,39,40,12.66,scattered clouds
591,Los Llanos De Aridane,ES,28.6585,-17.9182,67.75,56,40,12.66,scattered clouds
592,Bunumbu,SL,8.1667,-10.8667,73.33,93,100,3.53,light rain
593,Saint-Pierre,RE,-21.3393,55.4781,74.88,86,75,1.14,broken clouds
594,Matara,LK,5.9485,80.5353,78.89,85,99,5.03,overcast clouds
595,Trairi,BR,-3.2778,-39.2689,76.32,92,99,4.45,overcast clouds
596,Vila Franca Do Campo,PT,37.7167,-25.4333,59.41,75,68,10.47,broken clouds
597,Mnogovershinnyy,RU,53.9353,139.9242,27.63,82,62,4.05,broken clouds
598,Inhambane,MZ,-23.865,35.3833,71.91,92,90,5.53,moderate rain
599,Chicama,PE,-7.8447,-79.1469,63.14,76,3,7.47,clear sky
600,Batsfjord,NO,70.6345,29.7185,40.78,93,100,4.61,overcast clouds
601,Luchegorsk,RU,46.4764,134.2569,43.47,44,3,8.72,clear sky
602,Labrea,BR,-7.2586,-64.7981,74.26,99,100,1.32,overcast clouds
603,Iracoubo,GF,5.4802,-53.2011,77.23,87,30,10.96,scattered clouds
604,Glogow,PL,51.6636,16.0845,36.68,78,82,5.26,broken clouds
605,Te Anau,NZ,-45.4167,167.7167,60.22,57,24,3.8,few clouds
606,Brigantine,US,39.4101,-74.3646,50.2,39,0,9.22,clear sky
607,Itoman,JP,26.1247,127.6694,70.57,67,75,3.44,broken clouds
608,Kramat,ID,-8.1311,113.4499,79.74,84,85,1.43,overcast clouds
609,Grajau,BR,-5.8194,-46.1386,74.89,94,99,1.83,overcast clouds
610,Kroya,ID,-7.6331,109.2461,80.24,84,93,2.89,overcast clouds
611,Narsipatnam,IN,17.6667,82.6167,77.67,62,95,1.43,overcast clouds
612,Santiago De Cao,PE,-7.9589,-79.2392,64.53,82,20,9.22,fog
613,Assiniboia,CA,49.6334,-105.9845,31.82,47,93,9.22,overcast clouds
614,Calabozo,VE,8.9242,-67.4293,77.52,79,100,8.25,overcast clouds
615,Namibe,AO,-15.1961,12.1522,73.02,78,23,5.53,few clouds
616,Nome,US,64.5011,-165.4064,30.27,86,100,20.71,light snow
617,Barcelona,ES,41.3888,2.159,60.6,70,0,4.61,clear sky
618,Namatanai,PG,-3.6667,152.4333,85.42,66,95,10.96,overcast clouds
619,Caravelas,BR,-17.7125,-39.2481,77.86,62,100,10.96,overcast clouds
620,Acarau,BR,-2.8856,-40.12,78.24,85,85,7.05,overcast clouds
621,Lanxi,CN,29.2195,119.477,55.85,90,100,1.36,overcast clouds
622,The Pas,CA,53.8251,-101.2541,32.02,32,40,4.61,scattered clouds
623,Awbari,LY,26.5921,12.7805,63.41,34,41,7.85,scattered clouds
624,Hollister,US,36.8525,-121.4016,73.74,41,0,16.11,clear sky
625,Businga,CD,3.3333,20.8833,72.64,87,39,1.61,scattered clouds
626,Sehithwa,BW,-20.4667,22.7167,68.47,81,64,7.4,broken clouds
627,Ust-Ishim,RU,57.6935,71.1665,29.5,87,65,3.67,broken clouds
628,Mumford,GH,5.2618,-0.759,80.82,82,100,12.82,overcast clouds
629,Keflavik,IS,64.0049,-22.5624,41.43,70,75,8.05,broken clouds
630,Kemijarvi,FI,66.7131,27.4306,39.58,92,100,3.44,moderate rain
631,Rumonge,BI,-3.9736,29.4386,69.93,85,40,3.47,light rain
632,Sandnessjoen,NO,66.0217,12.6316,44.65,75,78,5.01,broken clouds
633,Riverton,US,40.5219,-111.9391,62.02,36,0,5.99,clear sky
634,Denpasar,ID,-8.65,115.2167,82.06,88,20,6.91,few clouds
635,Ust-Ilimsk,RU,58.0006,102.6619,44.17,84,81,12.82,broken clouds
636,Phuket,TH,8.0,98.25,79.02,94,20,2.3,few clouds
637,Nabire,ID,-3.3667,135.4833,80.33,87,76,1.3,broken clouds
638,Uvinza,TZ,-5.1036,30.3911,64.13,95,9,0.76,clear sky
639,Rock Sound,BS,24.9,-76.2,75.43,80,98,19.01,overcast clouds
640,Synya,RU,65.3718,58.0387,26.35,96,99,7.43,overcast clouds
641,Shakawe,BW,-18.3667,21.85,66.85,81,56,1.74,broken clouds
642,Mbandaka,CD,0.0487,18.2603,73.92,87,100,3.53,overcast clouds
643,Gloversville,US,43.0528,-74.3438,42.94,62,40,6.91,scattered clouds
644,Crotone,IT,39.0851,17.1178,51.19,79,100,28.54,overcast clouds
645,Nuuk,GL,64.1835,-51.7216,23.88,85,100,4.0,overcast clouds
646,Dunda,TZ,-8.1167,34.25,63.34,93,37,1.5,scattered clouds
647,Aktau,KZ,43.65,51.2,46.98,70,0,6.26,clear sky
648,Kampot,KH,10.6167,104.1833,82.45,82,100,4.92,overcast clouds
649,Agvali,RU,42.5385,46.1197,41.52,71,23,11.39,few clouds
650,Litovko,RU,49.2361,135.1742,36.41,79,100,4.63,overcast clouds
651,Bilecik,TR,40.0,30.1667,51.89,99,85,3.71,overcast clouds
652,Celestun,MX,20.8667,-90.4,80.42,74,0,16.78,clear sky
653,Belaya Gora,RU,68.5333,146.4167,15.94,90,99,3.53,overcast clouds
654,Shiyan,CN,32.6475,110.7781,54.75,71,99,7.11,overcast clouds
655,Caluquembe,AO,-13.7833,14.6833,59.94,94,98,2.71,overcast clouds
656,Mayakonda,IN,14.2833,76.0833,72.1,79,13,5.57,few clouds
657,Bagdarin,RU,54.4333,113.6,46.06,72,100,12.15,overcast clouds
658,Boralday,KZ,43.3578,76.8594,49.86,57,40,6.71,scattered clouds
659,Itigi,TZ,-5.7,34.4833,62.01,96,55,5.61,broken clouds
660,Valleyview,CA,55.0667,-117.2859,37.54,48,100,7.87,overcast clouds
661,Ojinaga,MX,29.5667,-104.4167,94.15,10,0,13.8,clear sky
662,Buchanan,LR,5.8808,-10.0467,78.82,84,100,7.38,overcast clouds
663,Tomatlan,MX,19.9333,-105.25,81.01,58,66,6.93,broken clouds
664,Gao,ML,16.6362,1.637,76.6,14,88,9.86,overcast clouds
665,Shestakovo,RU,56.4915,103.96,44.37,95,100,5.93,overcast clouds
666,Luorong,CN,24.4058,109.6086,54.25,91,100,7.27,overcast clouds
667,Puerto Carreno,CO,6.189,-67.4859,85.98,66,75,1.14,broken clouds
668,Guerrero Negro,MX,27.9769,-114.0611,65.39,66,80,19.64,broken clouds
669,Nuevo Progreso,MX,23.1667,-97.95,84.54,65,15,3.0,few clouds
670,Cayenne,GF,4.9333,-52.3333,81.09,1,0,3.44,clear sky
671,Krasnoselkup,RU,65.7,82.4667,12.33,94,89,12.62,overcast clouds
672,Castilho,BR,-20.8722,-51.4875,64.0,69,0,7.63,clear sky
673,Priamurskiy,RU,48.5217,134.9028,34.21,94,100,1.77,overcast clouds
674,Lake Havasu City,US,34.4839,-114.3224,94.06,7,0,6.91,clear sky
675,Ugra,RU,54.7777,34.3267,31.6,81,90,9.55,overcast clouds
676,Havelock,US,34.8791,-76.9013,60.8,64,0,16.11,clear sky
677,Koundara,GN,12.4833,-13.3,86.45,36,67,10.25,broken clouds
678,Sakaiminato,JP,35.55,133.2333,49.98,76,75,4.61,broken clouds
679,Kortkeros,RU,61.8106,51.5806,28.4,93,51,5.41,broken clouds
680,Bermeo,ES,43.4209,-2.7215,56.48,84,93,9.44,overcast clouds
681,Bubaque,GW,11.2833,-15.8333,74.95,77,32,17.67,scattered clouds
682,Lasa,IT,46.6166,10.7002,39.36,76,10,2.75,clear sky
